title,handle,url,type,tags,price_min,price_max,image_count,description
"Color Theory","color-theory","https://www.bodyfavorswaistbeads.com/products/color-theory","","Multicolored; Traditional","30.00","30.00","1","They're a keeper of personal affirmations and goals…they're a tool used to help some learn how to truly love their body at every stage…and they’re a secret piece of jewelry that help women feel feminine and sexy. Regardless of your reason for wearing beads, wear them respectfully and enjoy the process. NOTE: The pricing is for one (1) tie on waist bead. Each waist bead measures approximately 50 inches and requires that you adjust and tie it yourself. You got this! Colors: Red, orange, yellow, gr"
"Roasted Cocoa","marshmallows-in-hot-chocolate","https://www.bodyfavorswaistbeads.com/products/marshmallows-in-hot-chocolate","body jewelry","Brown; Removable; Waistbeads","45.00","45.00","2",""
"Debutante","debutante","https://www.bodyfavorswaistbeads.com/products/debutante","","Fuchsia; Removable","45.00","45.00","3","Luxurious iridescent waist bead that you twist on and off. Yes, these beads are removable for the fashion conscious crew who likes to change it up! These beautiful iridescent crystal beads are bright fuchsia with hints of blue, gold, and champagne. You’re going to love your new beads!"
"Peaches n Cream","peaches-n-cream","https://www.bodyfavorswaistbeads.com/products/peaches-n-cream","","Cream; Glow in the dark; Gold; Traditional","30.00","30.00","1","They're a keeper of personal affirmations and goals…they're a tool used to help some learn how to truly love their body at every stage…and they’re a secret piece of jewelry that help women feel feminine and sexy. Regardless of your reason for wearing beads, wear them respectfully and enjoy the process. NOTE: The pricing is for one (1) tie on waist bead. Each waist bead measures approximately 50 inches and requires that you adjust and tie it yourself. You got this! Colors: Gold and Cream with glo"
"Rachelle","rachelle","https://www.bodyfavorswaistbeads.com/products/rachelle","","Gold; Purple; Traditional","25.00","25.00","1","They're a keeper of personal affirmations and goals…they're a tool used to help some learn how to truly love their body at every stage…and they’re a secret piece of jewelry that help women feel feminine and sexy. Regardless of your reason for wearing beads, wear them respectfully and enjoy the process. NOTE: The pricing is for one (1) tie on waist bead. Each waist bead measures approximately 50 inches and requires that you adjust and tie it yourself. You got this! Colors: Purple and Gold Materia"
"Pinky","pinky","https://www.bodyfavorswaistbeads.com/products/pinky","","Gold; Hot pink; Pink; Traditional","25.00","25.00","1","They're a keeper of personal affirmations and goals…they're a tool used to help some learn how to truly love their body at every stage…and they’re a secret piece of jewelry that help women feel feminine and sexy. Regardless of your reason for wearing beads, wear them respectfully and enjoy the process. NOTE: The pricing is for one (1) tie on waist bead. Each waist bead measures approximately 50 inches and requires that you adjust and tie it yourself. You got this! Colors: Hot Pink and Gold Mater"
"Melody","melody","https://www.bodyfavorswaistbeads.com/products/melody","","Gold; Multicolored; Pink; Traditional","30.00","30.00","1","They're a keeper of personal affirmations and goals…they're a tool used to help some learn how to truly love their body at every stage…and they’re a secret piece of jewelry that help women feel feminine and sexy. Regardless of your reason for wearing beads, wear them respectfully and enjoy the process. NOTE: The pricing is for one (1) tie on waist bead. Each waist bead measures approximately 50 inches and requires that you adjust and tie it yourself. You got this! Colors: Pink multi color and go"
"Stoney","stoney","https://www.bodyfavorswaistbeads.com/products/stoney","","Gold; Marble; Pink; Traditional","25.00","25.00","1","They're a keeper of personal affirmations and goals…they're a tool used to help some learn how to truly love their body at every stage…and they’re a secret piece of jewelry that help women feel feminine and sexy. Regardless of your reason for wearing beads, wear them respectfully and enjoy the process. NOTE: The pricing is for one (1) tie on waist bead. Each waist bead measures approximately 50 inches and requires that you adjust and tie it yourself. You got this! Colors: Pink, Gold, and Marble "
"Reign Forest","reign-forest","https://www.bodyfavorswaistbeads.com/products/reign-forest","","Gold; Green; Traditional","25.00","25.00","1","They're a keeper of personal affirmations and goals…they're a tool used to help some learn how to truly love their body at every stage…and they’re a secret piece of jewelry that help women feel feminine and sexy. Regardless of your reason for wearing beads, wear them respectfully and enjoy the process. NOTE: The pricing is for one (1) tie on waist bead. Each waist bead measures approximately 50 inches and requires that you adjust and tie it yourself. You got this! Colors: Green & Gold. Materials"
"Pearly","pearly","https://www.bodyfavorswaistbeads.com/products/pearly","","Gold; Pearl; Pink; Traditional","25.00","25.00","1","They're a keeper of personal affirmations and goals…they're a tool used to help some learn how to truly love their body at every stage…and they’re a secret piece of jewelry that help women feel feminine and sexy. Regardless of your reason for wearing beads, wear them respectfully and enjoy the process. NOTE: The pricing is for one (1) tie on waist bead. Each waist bead measures approximately 50 inches and requires that you adjust and tie it yourself. You got this! Colors: Pink, classic pearl, an"
"Hide and Seek","hide-and-seek-1","https://www.bodyfavorswaistbeads.com/products/hide-and-seek-1","","Glow in the dark; Gold; Purple; Traditional","35.00","35.00","2","They're a keeper of personal affirmations and goals…they're a tool used to help some learn how to truly love their body at every stage…and they’re a secret piece of jewelry that help women feel feminine and sexy. Regardless of your reason for wearing beads, wear them respectfully and enjoy the process. NOTE: The pricing is for one (1) tie on waist bead. Each waist bead measures approximately 50 inches and requires that you adjust and tie it yourself. You got this! Colors: Purple, Gold, Clear. Ma"
"Sunshine","sunshine","https://www.bodyfavorswaistbeads.com/products/sunshine","","Gold; Traditional; yellow","25.00","25.00","1","They're a keeper of personal affirmations and goals…they're a tool used to help some learn how to truly love their body at every stage…and they’re a secret piece of jewelry that help women feel feminine and sexy. Regardless of your reason for wearing beads, wear them respectfully and enjoy the process. NOTE: The pricing is for one (1) tie on waist bead. Each waist bead measures approximately 50 inches and requires that you adjust and tie it yourself. You got this! Colors: Gold and yellow Materia"
"Jamie","jamie","https://www.bodyfavorswaistbeads.com/products/jamie","","Purple; Traditional","30.00","30.00","1","They're a keeper of personal affirmations and goals…they're a tool used to help some learn how to truly love their body at every stage…and they’re a secret piece of jewelry that help women feel feminine and sexy. Regardless of your reason for wearing beads, wear them respectfully and enjoy the process. NOTE: The pricing is for one (1) tie on waist bead. Each waist bead measures approximately 50 inches and requires that you adjust and tie it yourself. You got this! Colors: Purple, gold, and cryst"
"Moxie","moxie","https://www.bodyfavorswaistbeads.com/products/moxie","","Purple; Traditional","25.00","25.00","1","They're a keeper of personal affirmations and goals…they're a tool used to help some learn how to truly love their body at every stage…and they’re a secret piece of jewelry that help women feel feminine and sexy. Regardless of your reason for wearing beads, wear them respectfully and enjoy the process. NOTE: The pricing is for one (1) tie on waist bead. Each waist bead measures approximately 50 inches and requires that you adjust and tie it yourself. You got this! Colors: Purple, crystal, and go"
"Crush","crush","https://www.bodyfavorswaistbeads.com/products/crush","","Gold; Purple; Traditional","25.00","25.00","1","They're a keeper of personal affirmations and goals…they're a tool used to help some learn how to truly love their body at every stage…and they’re a secret piece of jewelry that help women feel feminine and sexy. Regardless of your reason for wearing beads, wear them respectfully and enjoy the process. NOTE: The pricing is for one (1) tie on waist bead. Each waist bead measures approximately 50 inches and requires that you adjust and tie it yourself. You got this! Colors: Purple and Gold. Materi"
"Transformation","transformation","https://www.bodyfavorswaistbeads.com/products/transformation","","Blue; Purple; Traditional","45.00","45.00","2","They're a keeper of personal affirmations and goals…they're a tool used to help some learn how to truly love their body at every stage…and they’re a secret piece of jewelry that help women feel feminine and sexy. Regardless of your reason for wearing waist beads, wear them respectfully and enjoy the process. NOTE: The pricing is for one (1) tie on waist bead. Each waist bead measures approximately 50 inches and requires that you adjust and tie it yourself. You got this! Colors: Black, Purple, an"
"Mint Green","mint-green","https://www.bodyfavorswaistbeads.com/products/mint-green","","Green; Mint green; Solid; Solids; Traditional","20.00","20.00","1","They're a keeper of personal affirmations and goals…they're a tool used to help some learn how to truly love their body at every stage…and they’re a secret piece of jewelry that help women feel feminine and sexy. Regardless of your reason for wearing beads, wear them respectfully and enjoy the process. NOTE: The pricing is for one (1) tie on waist bead. Each waist bead measures approximately 50 inches and requires that you adjust and tie it yourself. You got this! Colors: Mint Green Materials: G"
"Red","red","https://www.bodyfavorswaistbeads.com/products/red","","Red; Solid; Solids; Traditional","20.00","20.00","2","They're a keeper of personal affirmations and goals…they're a tool used to help some learn how to truly love their body at every stage…and they’re a secret piece of jewelry that help women feel feminine and sexy. Regardless of your reason for wearing beads, wear them respectfully and enjoy the process. NOTE: The pricing is for one (1) tie on waist bead. Each waist bead measures approximately 50 inches and requires that you adjust and tie it yourself. You got this! Colors: Red Materials: Glass be"
"Evolved","evolved","https://www.bodyfavorswaistbeads.com/products/evolved","","Blue; Champagne; Clear; Glow in the dark","40.00","40.00","2","They're a keeper of personal affirmations and goals…they're a tool used to help some learn how to truly love their body at every stage…and they’re a secret piece of jewelry that help women feel feminine and sexy. Regardless of your reason for wearing beads, wear them respectfully and enjoy the process. NOTE: The pricing is for one (1) tie on waist bead. Each waist bead measures approximately 50 inches and requires that you adjust and tie it yourself. You got this! Colors: Clear, blue, and champa"
"Queen of hearts","queen-of-hearts","https://www.bodyfavorswaistbeads.com/products/queen-of-hearts","","Blue; Glow in the dark; Hearts; Plastic; Red","35.00","35.00","3","They're a keeper of personal affirmations and goals…they're a tool used to help some learn how to truly love their body at every stage…and they’re a secret piece of jewelry that help women feel feminine and sexy. Regardless of your reason for wearing beads, wear them respectfully and enjoy the process. NOTE: The pricing is for one (1) tie on waist bead. Each waist bead measures approximately 50 inches and requires that you adjust and tie it yourself. You got this! Colors: Red, champagne, and blu"
"Orange","orange","https://www.bodyfavorswaistbeads.com/products/orange","","Orange; Solid; Solids; Traditional","20.00","20.00","1","They're a keeper of personal affirmations and goals…they're a tool used to help some learn how to truly love their body at every stage…and they’re a secret piece of jewelry that help women feel feminine and sexy. Regardless of your reason for wearing beads, wear them respectfully and enjoy the process. NOTE: The pricing is for one (1) tie on waist bead. Each waist bead measures approximately 50 inches and requires that you adjust and tie it yourself. You got this! Colors: Orange Materials: Glass"
"Pink","pink","https://www.bodyfavorswaistbeads.com/products/pink","","Pink; Solid; Solids; Traditional","20.00","20.00","1","They're a keeper of personal affirmations and goals…they're a tool used to help some learn how to truly love their body at every stage…and they’re a secret piece of jewelry that help women feel feminine and sexy. Regardless of your reason for wearing beads, wear them respectfully and enjoy the process. NOTE: The pricing is for one (1) tie on waist bead. Each waist bead measures approximately 50 inches and requires that you adjust and tie it yourself. You got this! Colors: Pink Materials: Glass b"
"White","white","https://www.bodyfavorswaistbeads.com/products/white","","Solid; Solids; Traditional; White","20.00","20.00","1","They're a keeper of personal affirmations and goals…they're a tool used to help some learn how to truly love their body at every stage…and they’re a secret piece of jewelry that help women feel feminine and sexy. Regardless of your reason for wearing beads, wear them respectfully and enjoy the process. NOTE: The pricing is for one (1) tie on waist bead. Each waist bead measures approximately 50 inches and requires that you adjust and tie it yourself. You got this! Colors: White Materials: Glass "
"Cloudy","cloudy","https://www.bodyfavorswaistbeads.com/products/cloudy","","Blue; Champagne; Lilac; Traditional; White","35.00","35.00","2","They're a keeper of personal affirmations and goals…they're a tool used to help some learn how to truly love their body at every stage…and they’re a secret piece of jewelry that help women feel feminine and sexy. Regardless of your reason for wearing beads, wear them respectfully and enjoy the process. NOTE: The pricing is for one (1) tie on waist bead. Each waist bead measures approximately 50 inches and requires that you adjust and tie it yourself. You got this! Colors: Lilac, purple, white, a"
"Flamingo Pink","flamingo-pink","https://www.bodyfavorswaistbeads.com/products/flamingo-pink","","Pink; Solid; Solids; Traditional","20.00","20.00","1","They're a keeper of personal affirmations and goals…they're a tool used to help some learn how to truly love their body at every stage…and they’re a secret piece of jewelry that help women feel feminine and sexy. Regardless of your reason for wearing beads, wear them respectfully and enjoy the process. NOTE: The pricing is for one (1) tie on waist bead. Each waist bead measures approximately 50 inches and requires that you adjust and tie it yourself. You got this! Colors: Pink Materials: Glass b"
"Fuchsia","fuchsia","https://www.bodyfavorswaistbeads.com/products/fuchsia","","Fuchsia; Solid; Solids; Traditional","20.00","20.00","1","They're a keeper of personal affirmations and goals…they're a tool used to help some learn how to truly love their body at every stage…and they’re a secret piece of jewelry that help women feel feminine and sexy. Regardless of your reason for wearing beads, wear them respectfully and enjoy the process. NOTE: The pricing is for one (1) tie on waist bead. Each waist bead measures approximately 50 inches and requires that you adjust and tie it yourself. You got this! Colors: Fuchsia Materials: Glas"
"Brown","brownie","https://www.bodyfavorswaistbeads.com/products/brownie","","Brown; Solid; Solids; Traditional","20.00","20.00","1","They're a keeper of personal affirmations and goals…they're a tool used to help some learn how to truly love their body at every stage…and they’re a secret piece of jewelry that help women feel feminine and sexy. Regardless of your reason for wearing beads, wear them respectfully and enjoy the process. NOTE: The pricing is for one (1) tie on waist bead. Each waist bead measures approximately 50 inches and requires that you adjust and tie it yourself. You got this! Colors: Brown Materials: Glass "
"Black","code-black","https://www.bodyfavorswaistbeads.com/products/code-black","","Black; Solid; Solids; Traditional","20.00","20.00","1","They're a keeper of personal affirmations and goals…they're a tool used to help some learn how to truly love their body at every stage…and they’re a secret piece of jewelry that help women feel feminine and sexy. Regardless of your reason for wearing beads, wear them respectfully and enjoy the process. NOTE: The pricing is for one (1) tie on waist bead. Each waist bead measures approximately 50 inches and requires that you adjust and tie it yourself. You got this! Colors: Black Materials: Glass "
"Teal","teal","https://www.bodyfavorswaistbeads.com/products/teal","","Blue; Solid; Solids; Teal; Traditional","20.00","20.00","1","They're a keeper of personal affirmations and goals…they're a tool used to help some learn how to truly love their body at every stage…and they’re a secret piece of jewelry that help women feel feminine and sexy. Regardless of your reason for wearing beads, wear them respectfully and enjoy the process. NOTE: The pricing is for one (1) tie on waist bead. Each waist bead measures approximately 50 inches and requires that you adjust and tie it yourself. You got this! Colors: Teal Materials: Glass b"
"Effect","effect","https://www.bodyfavorswaistbeads.com/products/effect","","Black; Crystals; Gold; Multicolored; Teal; Traditional","35.00","35.00","2","They're a keeper of personal affirmations and goals…they're a tool used to help some learn how to truly love their body at every stage…and they’re a secret piece of jewelry that help women feel feminine and sexy. Regardless of your reason for wearing beads, wear them respectfully and enjoy the process. NOTE: The pricing is for one (1) tie on waist bead. Each waist bead measures approximately 50 inches and requires that you adjust and tie it yourself. You got this! Colors: Gold, teal, and black c"
"Midnight Glow","midnight-glow","https://www.bodyfavorswaistbeads.com/products/midnight-glow","","Black; Champagne; Crystals; Glow in the dark","35.00","35.00","2","They're a keeper of personal affirmations and goals…they're a tool used to help some learn how to truly love their body at every stage…and they’re a secret piece of jewelry that help women feel feminine and sexy. Regardless of your reason for wearing beads, wear them respectfully and enjoy the process. NOTE: The pricing is for one (1) tie on waist bead. Each waist bead measures approximately 50 inches and requires that you adjust and tie it yourself. You got this! Colors: Black, champagne, and g"
"Dazzle","hide-and-seek","https://www.bodyfavorswaistbeads.com/products/hide-and-seek","","Clear; Glow in the dark; White","25.00","25.00","1","They're a keeper of personal affirmations and goals…they're a tool used to help some learn how to truly love their body at every stage…and they’re a secret piece of jewelry that help women feel feminine and sexy. Regardless of your reason for wearing beads, wear them respectfully and enjoy the process. NOTE: The pricing is for one (1) tie on waist bead. Each waist bead measures approximately 50 inches and requires that you adjust and tie it yourself. You got this! Colors: clear and white Materia"
"Shareka-Clearance","shareka-clearance-6","https://www.bodyfavorswaistbeads.com/products/shareka-clearance-6","","Clearance; Fabric Fan; Fans; Folding Fan","20.00","20.00","2","This beautiful cotton Ankara fan is handmade in Ghana by skilled designers. It makes the perfect gift and can be used to cool off at concerts, festivals, weddings, church, airports, beaches, in the office, while having hot flashes, and much more! Fan collapses easily to a compact size perfect for placing in your purse, carry on bag, car, or briefcase. Colors: Dark red, green, blue, and yellow Identifier: Various shapes Materials : Cotton Fabric and leather handle Care Instructions: Do not submer"
"Fantasia- Clearance","fantasia-clearence","https://www.bodyfavorswaistbeads.com/products/fantasia-clearence","","clearance; Multicolored; Woven Fans","15.00","15.00","2","This beautiful woven fan was handmade in Ghana by skilled weavers. It can have several uses: Gives life to walls, bookshelves, and mantels or use it as a stylish hand fan to cool yourself off year-round. Materials: Elephant grass and dye. NOTE: This clearance rainbow fan is not as vibrant, but it’s pretty. The pictured fan is one of the first fans made, so there are quite a bit of flaws. Care Instructions: Keep dyed fan out of direct sunlight for long periods of time to avoid fading. Do not subm"
"Add-Ons","option-set-128155-checkbox-2","https://www.bodyfavorswaistbeads.com/products/option-set-128155-checkbox-2","","globo-product-options; option-set-128155-checkbox-1","10.00","10.00","0",""
"Add-Ons","option-set-128155-checkbox-1","https://www.bodyfavorswaistbeads.com/products/option-set-128155-checkbox-1","","globo-product-options; option-set-128155-checkbox-1","10.00","10.00","0",""
"Coral Exfoliating Bath Net","coral-exfoliating-bath-net-1","https://www.bodyfavorswaistbeads.com/products/coral-exfoliating-bath-net-1","","","15.00","15.00","1","Imported from Ghana"
"Orange Exfoliating Bath Net","orange-exfoliating-bath-net","https://www.bodyfavorswaistbeads.com/products/orange-exfoliating-bath-net","","","15.00","15.00","1","Imported from Ghana"
"Champagne Exfoliating Bath Net","champagne-exfoliating-bath-net","https://www.bodyfavorswaistbeads.com/products/champagne-exfoliating-bath-net","","","15.00","15.00","1","Imported from Ghana"
"Burgundy Exfoliating Bath Net","burgundy-exfoliating-bath-net","https://www.bodyfavorswaistbeads.com/products/burgundy-exfoliating-bath-net","","","15.00","15.00","1","Imported from Ghana"
"Purple Exfoliating Bath Net","purple-exfoliating-bath-net","https://www.bodyfavorswaistbeads.com/products/purple-exfoliating-bath-net","","","15.00","15.00","1","Imported from Ghana"
"Mustard Exfoliating Bath Net","exfoliating-bath-net-1","https://www.bodyfavorswaistbeads.com/products/exfoliating-bath-net-1","","","15.00","15.00","1","Imported from Ghana"
"Red Exfoliating Bath Net","red-exfoliating-bath-net","https://www.bodyfavorswaistbeads.com/products/red-exfoliating-bath-net","","","15.00","15.00","1","Imported from Ghana"
"Neon Yellow Exfoliating Bath Net","exfoliating-bath-net","https://www.bodyfavorswaistbeads.com/products/exfoliating-bath-net","","","15.00","15.00","1","Imported from Ghana"
"Blue Exfoliating Bath Net","copy-of-dark-brown-exfoliating-bath-net","https://www.bodyfavorswaistbeads.com/products/copy-of-dark-brown-exfoliating-bath-net","","","15.00","15.00","1","Imported from Ghana"
"Neon Green Exfoliating Bath Net","neon-green-exfoliating-bath-net","https://www.bodyfavorswaistbeads.com/products/neon-green-exfoliating-bath-net","","","15.00","15.00","1","Imported from Ghana"
"Forest Green Exfoliating Bath Net","forest-green-exfoliating-bath-net","https://www.bodyfavorswaistbeads.com/products/forest-green-exfoliating-bath-net","","","15.00","15.00","1","Imported from Ghana"
"Fantastic - Rust & Navy Trim","copy-of-fantastic","https://www.bodyfavorswaistbeads.com/products/copy-of-fantastic","","Fan; Multicolored; Woven Fans","30.00","30.00","1","This beautiful woven fan was handmade in Ghana by skilled weavers. It can have several uses: Gives life to walls, bookshelves, and mantels or use it as a stylish hand fan to cool yourself off year-round. Materials: Elephant grass and dye. Note: The fan is hand-woven and hand-dyed so there may be slight imperfections. This adds to its charm! Care Instructions: Keep dyed fan out of direct sunlight for long periods of time to avoid fading. Do not submerge fan in water while cleaning . Please use a "
"Fancy - Purple Trim","copy-of-fantasy-rust-navy-trim-1","https://www.bodyfavorswaistbeads.com/products/copy-of-fantasy-rust-navy-trim-1","","Fan; Wheat; Woven Fans","30.00","30.00","1","This beautiful woven fan was handmade in Ghana by skilled weavers. It can have several uses: Gives life to walls, bookshelves, and mantels or use it as a stylish hand fan to cool yourself off year-round. Materials: Elephant grass and dye. Note: The fan is hand-woven and hand-dyed so there may be slight imperfections. This adds to its charm! Care Instructions: Keep dyed fan out of direct sunlight for long periods of time to avoid fading. Do not submerge fan in water while cleaning . Please use a "
"Fane - Navy Trim","copy-of-fantasy-rust-navy-trim","https://www.bodyfavorswaistbeads.com/products/copy-of-fantasy-rust-navy-trim","","Fan; Wheat; Woven Fans","30.00","30.00","1","This beautiful woven fan was handmade in Ghana by skilled weavers. It can have several uses: Gives life to walls, bookshelves, and mantels or use it as a stylish hand fan to cool yourself off year-round. Materials: Elephant grass and dye. Note: The fan is hand-woven and hand-dyed so there may be slight imperfections. This adds to its charm! Care Instructions: Keep dyed fan out of direct sunlight for long periods of time to avoid fading. Do not submerge fan in water while cleaning . Please use a "
"Fantasia","fantasia","https://www.bodyfavorswaistbeads.com/products/fantasia","","Fan; Multicolored; Woven Fans","30.00","30.00","1","This beautiful woven fan was handmade in Ghana by skilled weavers. It can have several uses: Gives life to walls, bookshelves, and mantels or use it as a stylish hand fan to cool yourself off year-round. Materials: Elephant grass and dye. Note: The fan is hand-woven and hand-dyed so there may be slight imperfections. This adds to its charm! Care Instructions: Keep dyed fan out of direct sunlight for long periods of time to avoid fading. Do not submerge fan in water while cleaning . Please use a "
"Waist Measurement (in)","option-set-128155-number-4","https://www.bodyfavorswaistbeads.com/products/option-set-128155-number-4","","globo-product-options; option-set-128155-number-1","0.00","0.00","0",""
"Waist Measurement (in)","option-set-128155-number-3","https://www.bodyfavorswaistbeads.com/products/option-set-128155-number-3","","globo-product-options; option-set-128155-number-1","0.00","0.00","0",""
"Grandma’s Rouge","brace-8","https://www.bodyfavorswaistbeads.com/products/brace-8","","Red; Wrap bracelet","15.00","15.00","1","NOTE: The pricing is for one (1) wrap bracelet. Colors: Transparent red, gold, multi accent Materials: Glass seed beads and wire"
"Crystal Clear","brace-7","https://www.bodyfavorswaistbeads.com/products/brace-7","","Clear; Wrap bracelet","15.00","15.00","1","NOTE: The pricing is for one (1) wrap bracelet. Colors: Clear and primary colors Materials: Glass seed beads and wire"
"Confetti","bracelet-1","https://www.bodyfavorswaistbeads.com/products/bracelet-1","","Multicolored; Wrap bracelet","15.00","15.00","1","NOTE: The pricing is for one (1) wrap bracelet. Colors: Multicolored Materials: Glass seed beads and wire"
"Blu","brace-3","https://www.bodyfavorswaistbeads.com/products/brace-3","","Blue; Wrap bracelet","15.00","15.00","1","NOTE: The pricing is for one (1) wrap bracelet. Colors: Transparent Iridescent blue, gold, and red Materials: Seed beads and wire"
"Fire and Coal","bracelets","https://www.bodyfavorswaistbeads.com/products/bracelets","","Black; Wrap bracelet","15.00","15.00","1","NOTE: The pricing is for one (1) wrap bracelet. Colors: Black and gold Materials: Glass seed beads, bugle beads, and wire"
"Denim and sunshine","tie-on-6","https://www.bodyfavorswaistbeads.com/products/tie-on-6","","Anklet; Multicolored; Tie on","6.00","6.00","1","COLORS: Blue and white stripes, yellow, and gold MATERIALS: Cotton string and glass seed beads *NOTE: The pricing is for one (1) tie on anklet"
"Gingerbread Mint","tie-on-4","https://www.bodyfavorswaistbeads.com/products/tie-on-4","","Anklet; Gold; Green; Multicolored; Tie on","6.00","6.00","1","COLORS: Mint green and gold MATERIALS: Cotton string and glass seed beads NOTE: The pricing is for one (1) tie on anklet"
"Fortune","tie-on-3","https://www.bodyfavorswaistbeads.com/products/tie-on-3","","Anklet; Brown; Multicolored; Tie on","6.00","6.00","1","COLORS: Brown, gold, and clear MATERIALS: Cotton string and glass seed beads NOTE: The pricing is for one (1) tie on anklet"
"Cherry Soda","tie-on-2","https://www.bodyfavorswaistbeads.com/products/tie-on-2","","Anklet; Red; Tie on","6.00","6.00","1","COLORS: Gold and red MATERIALS: Cotton string and glass seed beads NOTE: The pricing is for one (1) tie on anklet"
"Dynasty","dynasty","https://www.bodyfavorswaistbeads.com/products/dynasty","","Clear; Glow in the dark","30.00","30.00","1","They're a keeper of personal affirmations and goals…they're a tool used to help some learn how to truly love their body at every stage…and they’re a secret piece of jewelry that help women feel feminine and sexy. Regardless of your reason for wearing beads, wear them respectfully and enjoy the process. NOTE: The pricing is for one (1) tie on waist bead. Each waist bead measures approximately 50 inches and requires that you adjust and tie it yourself. You got this! Colors: Clear & Iridescent Mate"
"Goldmine","goldmine","https://www.bodyfavorswaistbeads.com/products/goldmine","","Clear; Glow in the dark; Gold","30.00","30.00","1","They're a keeper of personal affirmations and goals…they're a tool used to help some learn how to truly love their body at every stage…and they’re a secret piece of jewelry that help women feel feminine and sexy. Regardless of your reason for wearing beads, wear them respectfully and enjoy the process. NOTE: The pricing is for one (1) tie on waist bead. Each waist bead measures approximately 50 inches and requires that you adjust and tie it yourself. You got this! Colors: Gold & Clear. Materials"
"Flawed But Worthy-Clearance","damaged-but-worthy-glow-beads","https://www.bodyfavorswaistbeads.com/products/damaged-but-worthy-glow-beads","","Clear; clearance; Multicolored","15.00","15.00","1","They're a keeper of personal affirmations and goals…they're a tool used to help some learn how to truly love their body at every stage…and they’re a secret piece of jewelry that help women feel feminine and sexy. Regardless of your reason for wearing beads, wear them respectfully and enjoy the process. NOTE: The pricing is for one (1) tie on waist bead. Each DAMAGED clearance waist bead measures approximately 43 inches and requires that you adjust and tie it yourself. You got this! ***Flawed sim"
"Gust","gust","https://www.bodyfavorswaistbeads.com/products/gust","","Fan; Wheat; Woven Fans","30.00","30.00","1","This beautiful woven fan was handmade in Ghana by skilled weavers. It can have several uses: Gives life to walls, bookshelves, and mantels or use it as a stylish hand fan to cool yourself off year-round. Materials: Elephant grass and dye. Note: The fan is hand-woven and hand-dyed so there may be slight imperfections. This adds to its charm! Care Instructions: Keep dyed fan out of direct sunlight for long periods of time to avoid fading. Do not submerge fan in water while cleaning . Please use a "
"Breezy","breezy","https://www.bodyfavorswaistbeads.com/products/breezy","","Accessories; Fans; Green; Wheat; Woven Fans","30.00","30.00","1","This beautiful woven fan was handmade in Ghana by skilled weavers. It can have several uses: Gives life to walls, bookshelves, and mantels or use it as a stylish hand fan to cool yourself off year-round. Materials: Elephant grass and dye. Note: The fan is hand-woven and hand-dyed so there may be slight imperfections. This adds to its charm! Care Instructions: Keep dyed fan out of direct sunlight for long periods of time to avoid fading. Do not submerge fan in water while cleaning . Please use a "
"Coolness","coolness","https://www.bodyfavorswaistbeads.com/products/coolness","","Fan; Wheat; Woven Fans","30.00","30.00","1","This beautiful woven fan was handmade in Ghana by skilled weavers. It can have several uses: Gives life to walls, bookshelves, and mantels or use it as a stylish hand fan to cool yourself off year-round. Materials: Elephant grass and dye. Note: The fan is hand-woven and hand-dyed so there may be slight imperfections. This adds to its charm! Care Instructions: Keep dyed fan out of direct sunlight for long periods of time to avoid fading. Do not submerge fan in water while cleaning . Please use a "
"Cool down","cool-down","https://www.bodyfavorswaistbeads.com/products/cool-down","","Accessories; Fans; Wheat; Woven Fans","30.00","30.00","1","This beautiful woven fan was handmade in Ghana by skilled weavers. It can have several uses: Gives life to walls, bookshelves, and mantels or use it as a stylish hand fan to cool yourself off year-round. Materials: Elephant grass and dye. Note: The fan is hand-woven and hand-dyed so there may be slight imperfections. This adds to its charm! Care Instructions: Keep dyed fan out of direct sunlight for long periods of time to avoid fading. Do not submerge fan in water while cleaning . Please use a "
"Fantastic","fantastic","https://www.bodyfavorswaistbeads.com/products/fantastic","","Fan; Multicolored; Woven Fans","30.00","30.00","1","This beautiful woven fan was handmade in Ghana by skilled weavers. It can have several uses: Gives life to walls, bookshelves, and mantels or use it as a stylish hand fan to cool yourself off year-round. Materials: Elephant grass and dye. Note: The fan is hand-woven and hand-dyed so there may be slight imperfections. This adds to its charm! Care Instructions: Keep dyed fan out of direct sunlight for long periods of time to avoid fading. Do not submerge fan in water while cleaning . Please use a "
"Fanum","fanum","https://www.bodyfavorswaistbeads.com/products/fanum","","Fan; Red; Wheat; Woven Fans","30.00","30.00","1","This beautiful woven fan was handmade in Ghana by skilled weavers. It can have several uses: Gives life to walls, bookshelves, and mantels or use it as a stylish hand fan to cool yourself off year-round. Materials: Elephant grass and dye. Note: The fan is hand-woven and hand-dyed so there may be slight imperfections. This adds to its charm! Care Instructions: Keep dyed fan out of direct sunlight for long periods of time to avoid fading. Do not submerge fan in water while cleaning . Please use a "
"Halo","halo","https://www.bodyfavorswaistbeads.com/products/halo","","Gold; Traditional; Waistbeads; White","25.00","25.00","1","They're a keeper of personal affirmations and goals…they're a tool used to help some learn how to truly love their body at every stage…and they’re a secret piece of jewelry that help women feel feminine and sexy. Regardless of your reason for wearing beads, wear them respectfully and enjoy the process. NOTE: The pricing is for one (1) tie on waist bead. Each waist bead measures approximately 50 inches and requires that you adjust and tie it yourself. You got this! Colors: Opaque white & sparkly "
"Full Bloom","full-bloom","https://www.bodyfavorswaistbeads.com/products/full-bloom","","Multicolored; Orange; Traditional; Waistbeads","25.00","25.00","1","They're a keeper of personal affirmations and goals…they're a tool used to help some learn how to truly love their body at every stage…and they’re a secret piece of jewelry that help women feel feminine and sexy. Regardless of your reason for wearing beads, wear them respectfully and enjoy the process. NOTE: The pricing is for one (1) tie on waist bead. Each waist bead measures approximately 50 inches and requires that you adjust and tie it yourself. You got this! Colors: Gold, turquoise blue, a"
"Bonfire","bonefire","https://www.bodyfavorswaistbeads.com/products/bonefire","","Multicolored; Traditional; Waistbeads","25.00","25.00","1","They're a keeper of personal affirmations and goals…they're a tool used to help some learn how to truly love their body at every stage…and they’re a secret piece of jewelry that help women feel feminine and sexy. Regardless of your reason for wearing waist beads, wear them respectfully and enjoy the process. Colors: Red, yellow, and red. Materials: Glass beads & cotton string."
"Angles","angles","https://www.bodyfavorswaistbeads.com/products/angles","","Accessories; Blue; Fabric Fan; Fans; Folding Fan","25.00","25.00","1","This beautiful cotton Ankara fan is handmade in Ghana by skilled designers. It makes the perfect gift and can be used to cool off at concerts, festivals, weddings, church, airports, beaches, in the office, while having hot flashes, and much more! Fan collapses easily to a compact size perfect for placing in your purse, carry on bag, car, or briefcase. Colors: Blue, Black and white Identifier: Black & white triangles Materials: Cotton fabric with leather Care Instructions: Do not submerge fan in "
"Honey Mustard","honey-mustard","https://www.bodyfavorswaistbeads.com/products/honey-mustard","","Accessories; Fabric Fan; Fans; Folding Fan; yellow","25.00","25.00","1","This beautiful cotton Ankara fan is handmade in Ghana by skilled designers. It makes the perfect gift and can be used to cool off at concerts, festivals, weddings, church, airports, beaches, in the office, while having hot flashes, and much more! Fan collapses easily to a compact size perfect for placing in your purse, carry on bag, car, or briefcase. Colors: Cream, mustard yellow, and black Identifier: Black stripes over cream and mustard yellow. Materials: Cotton Fabric upper with leather hand"
"Fire & Ice","fire-ice","https://www.bodyfavorswaistbeads.com/products/fire-ice","","Fabric Fan; Fan; Folding Fan; Multicolored","25.00","25.00","1","This beautiful cotton Ankara fan is handmade in Ghana by skilled designers. It makes the perfect gift and can be used to cool off at concerts, festivals, weddings, church, airports, beaches, in the office, while having hot flashes, and much more! Fan collapses easily to a compact size perfect for placing in your purse, carry on bag, car, or briefcase. Colors: Red, turquoise, black, and white Identifier: black hearts with circles on red and turquoise blotches of color Materials: Fabric and leathe"
"Cabin Fever","cabin-fever","https://www.bodyfavorswaistbeads.com/products/cabin-fever","","Accessories; Brown; Fabric Fan; Fans; Folding Fan","25.00","25.00","1","This beautiful cotton Ankara fan is handmade in Ghana by skilled designers. It makes the perfect gift and can be used to cool off at concerts, festivals, weddings, church, airports, beaches, in the office, while having hot flashes, and much more! Fan collapses easily to a compact size perfect for placing in your purse, carry on bag, car, or briefcase. Colors: Lime green, rustic red, and brown fan Identifier: Long strokes & swirls Materials: Cotton fabric upper and leather handle Care Instruction"
"Earthy Chic","earthy-chic","https://www.bodyfavorswaistbeads.com/products/earthy-chic","","Fabric Fan; Fan; Folding Fan; Green; White","25.00","25.00","1","This beautiful cotton Ankara fan is handmade in Ghana by skilled designers. It makes the perfect gift and can be used to cool off at concerts, festivals, weddings, church, airports, beaches, in the office, while having hot flashes, and much more! Fan collapses easily to a compact size perfect for placing in your purse, carry on bag, car, or briefcase. Colors: Green, black, and white Identifier: White & green circles Materials : Cotton Fabric and leather handle Care Instructions: Do not submerge "
"Fireflies","orange-you-glad","https://www.bodyfavorswaistbeads.com/products/orange-you-glad","","Amber; Solid; Solids; Sparkle; Waistbeads","25.00","25.00","1","They're a keeper of personal affirmations and goals…they're a tool used to help some learn how to truly love their body at every stage…and they’re a secret piece of jewelry that help women feel feminine and sexy. Regardless of your reason for wearing beads, wear them respectfully and enjoy the process. NOTE: The pricing is for one (1) tie on waist bead. Each waist bead measures approximately 50 inches and requires that you adjust and tie it yourself. You got this! Colors: Sparkly amber gold. Mat"
"Growing Season","green-machine","https://www.bodyfavorswaistbeads.com/products/green-machine","","Green; Solid; Solids; Sparkle; Waistbeads","25.00","25.00","1","They're a keeper of personal affirmations and goals…they're a tool used to help some learn how to truly love their body at every stage…and they’re a secret piece of jewelry that help women feel feminine and sexy. Regardless of your reason for wearing beads, wear them respectfully and enjoy the process. NOTE: The pricing is for one (1) tie on waist bead. Each waist bead measures approximately 50 inches and requires that you adjust and tie it yourself. You got this! Colors: Sparkly green Materials"
"Cherry kisses","red-lips","https://www.bodyfavorswaistbeads.com/products/red-lips","","Red; Solid; Sparkle; Waistbeads","25.00","25.00","2","They're a keeper of personal affirmations and goals…they're a tool used to help some learn how to truly love their body at every stage…and they’re a secret piece of jewelry that help women feel feminine and sexy. Regardless of your reason for wearing waist beads, wear them respectfully and enjoy the process. NOTE: The pricing is for one (1) tie on waist bead. Each waist bead measures approximately 50 inches and requires that you adjust and tie it yourself. You got this! Colors: Crimson Red Mater"
"All that glitters","champagne-toast","https://www.bodyfavorswaistbeads.com/products/champagne-toast","","off white; Solid; Solids; Sparkle; Waistbeads","25.00","25.00","1","They're a keeper of personal affirmations and goals…they're a tool used to help some learn how to truly love their body at every stage…and they’re a secret piece of jewelry that help women feel feminine and sexy. Regardless of your reason for wearing beads, wear them respectfully and enjoy the process. NOTE: The pricing is for one (1) tie on waist bead. Each waist bead measures approximately 50 inches and requires that you adjust and tie it yourself. You got this! Colors: Sparkly off white Mater"
"Gift","gift","https://www.bodyfavorswaistbeads.com/products/gift","","Gold; Traditional; Waistbeads","25.00","25.00","1","They're a keeper of personal affirmations and goals…they're a tool used to help some learn how to truly love their body at every stage…and they’re a secret piece of jewelry that help women feel feminine and sexy. Regardless of your reason for wearing beads, wear them respectfully and enjoy the process. NOTE: The pricing is for one (1) tie on waist bead. Each waist bead measures approximately 50 inches and requires that you adjust and tie it yourself. You got this! Colors: Gold with Iridescent ac"
"Disco","disco","https://www.bodyfavorswaistbeads.com/products/disco","","Clear; Silver; Traditional; Waistbeads","20.00","20.00","1","They're a keeper of personal affirmations and goals…they're a tool used to help some learn how to truly love their body at every stage…and they’re a secret piece of jewelry that help women feel feminine and sexy. Regardless of your reason for wearing beads, wear them respectfully and enjoy the process. NOTE: The pricing is for one (1) tie on waist bead. Each waist bead measures approximately 50 inches and requires that you adjust and tie it yourself. You got this! Colors: Metallic shiny silver M"
"Depth","depth","https://www.bodyfavorswaistbeads.com/products/depth","","Blue; Solid; Traditional; Waistbeads","20.00","20.00","1","They're a keeper of personal affirmations and goals…they're a tool used to help some learn how to truly love their body at every stage…and they’re a secret piece of jewelry that help women feel feminine and sexy. Regardless of your reason for wearing waist beads, wear them respectfully and enjoy the process. NOTE: The pricing is for one (1) tie on waist bead. Each waist bead measures approximately 50 inches and requires that you adjust and tie it yourself. You got this! Colors: Deep Blue Materia"
"Blueberry Muffin","blueberry-muffing","https://www.bodyfavorswaistbeads.com/products/blueberry-muffing","","Brown; Multicolored; Traditional; Waistbeads","25.00","25.00","1","They're a keeper of personal affirmations and goals…they're a tool used to help some learn how to truly love their body at every stage…and they’re a secret piece of jewelry that help women feel feminine and sexy. Regardless of your reason for wearing waist beads, wear them respectfully and enjoy the process. NOTE: The pricing is for one (1) tie on waist bead. Each waist bead measures approximately 50 inches and requires that you adjust and tie it yourself. You got this! Colors: Sparkly gold seed"
"Balanced","balanced","https://www.bodyfavorswaistbeads.com/products/balanced","","Clear; Traditional; Waistbeads","25.00","25.00","1","They're a keeper of personal affirmations and goals…they're a tool used to help some learn how to truly love their body at every stage…and they’re a secret piece of jewelry that help women feel feminine and sexy. Regardless of your reason for wearing waist beads, wear them respectfully and enjoy the process. NOTE: The pricing is for one (1) tie on waist bead. Each waist bead measures approximately 50 inches and requires that you adjust and tie it yourself. You got this! Colors: Colorful crystals"
"Autumn Wishes","autumn-wishes","https://www.bodyfavorswaistbeads.com/products/autumn-wishes","","Black; Traditional; Waistbeads","25.00","25.00","1","They're a keeper of personal affirmations and goals…they're a tool used to help some learn how to truly love their body at every stage…and they’re a secret piece of jewelry that help women feel feminine and sexy. Regardless of your reason for wearing waist beads, wear them respectfully and enjoy the process. NOTE: The pricing is for one (1) tie on waist bead. Each waist bead measures approximately 50 inches and requires that you adjust and tie it yourself. You got this! Colors: Black glass seed "
"Bronze Beauty","golden-blush","https://www.bodyfavorswaistbeads.com/products/golden-blush","","Brown; Removable; Waistbeads","45.00","45.00","2","Chocolate removable waist beads w/ pearl toned iridescent and bluish square shaped beads."
"Blue Sunset","blue-sunset","https://www.bodyfavorswaistbeads.com/products/blue-sunset","","Multicolored; Removable; Waistbeads","45.00","45.00","1","Iridescent glass beads and vinyl beads merged together to create this beauty. Colors: Blue, orange, yellow, and brown."
"Everything Is Peachy","everything-is-peachy","https://www.bodyfavorswaistbeads.com/products/everything-is-peachy","","Peach; Removable; Waistbeads","45.00","45.00","1","Peach colored removable waist beads with golden butterflies, pearls, and luxurious crystals."
"Cowrie Is My Name","cowrie-is-my-name","https://www.bodyfavorswaistbeads.com/products/cowrie-is-my-name","","Removable; Waistbeads; yellow","45.00","45.00","1","Removable Waistbeads with lime yellow beads and accents of cowrie shells & purple shimmer beads."
"Chromatic","chromatic","https://www.bodyfavorswaistbeads.com/products/chromatic","","Multicolored; Removable; Waistbeads","35.00","35.00","1","Removable Waistbeads with multicolor metallic beads."
"Black Reign","black-reign","https://www.bodyfavorswaistbeads.com/products/black-reign","","Black; Removable; Waistbeads","45.00","45.00","1","Removable waist bead. Black rain drop shaped beads, with iridescent flowers, and spiral shaped champagne colored crystals."
"A Field of Sunflowers","a-field-of-sunflowers","https://www.bodyfavorswaistbeads.com/products/a-field-of-sunflowers","","Accessories; removable; waistbeads; yellow","45.00","45.00","1","Removable waist bead with golden yellow beads, green clovers, and pearlized diamond shaped accents"
"Golden Green","golden-green","https://www.bodyfavorswaistbeads.com/products/golden-green","","Green; Removable; Waistbeads","45.00","45.00","2","Beautiful dark emerald waist beads w/ gold crystals and iridescent tear drop shaped beads."
"Fantast - Nude","classic-brown-fans","https://www.bodyfavorswaistbeads.com/products/classic-brown-fans","","Fan; Wheat; Woven Fans","30.00","30.00","1","This beautiful woven fan was handmade in Ghana by skilled weavers. It can have several uses: Gives life to walls, bookshelves, and mantels or use it as a stylish hand fan to cool yourself off year-round. Materials: Elephant grass and dye. Note: The fan is hand-woven and hand-dyed so there may be slight imperfections. This adds to its charm! Care Instructions: Keep dyed fan out of direct sunlight for long periods of time to avoid fading. Do not submerge fan in water while cleaning . Please use a "
"Fanos","warm-rainbow-fan","https://www.bodyfavorswaistbeads.com/products/warm-rainbow-fan","","Fan; Multicolored; Woven Fans","30.00","30.00","1","This beautiful woven fan was handmade in Ghana by skilled weavers. It can have several uses: Gives life to walls, bookshelves, and mantels or use it as a stylish hand fan to cool yourself off year-round. Materials: Elephant grass and dye. Note: The fan is hand-woven and hand-dyed so there may be slight imperfections. This adds to its charm! Care Instructions: Keep dyed fan out of direct sunlight for long periods of time to avoid fading. Do not submerge fan in water while cleaning . Please use a "
"Dark Brown Exfoliating Bath Net","african-net-sponge","https://www.bodyfavorswaistbeads.com/products/african-net-sponge","","","15.00","15.00","1","Imported from Ghana"
"Warm me up","yellow-mellow","https://www.bodyfavorswaistbeads.com/products/yellow-mellow","","Solid; Solids; Sparkle; Waistbeads; yellow","25.00","25.00","1","They're a keeper of personal affirmations and goals…they're a tool used to help some learn how to truly love their body at every stage…and they’re a secret piece of jewelry that help women feel feminine and sexy. Regardless of your reason for wearing beads, wear them respectfully and enjoy the process. NOTE: The pricing is for one (1) tie on waist bead. Each waist bead measures approximately 50 inches and requires that you adjust and tie it yourself. You got this! Colors: Sparkly Opaque Yellow. "
"Touch the sky","blue-face","https://www.bodyfavorswaistbeads.com/products/blue-face","","Blue; Solid; Solids; Sparkle; Waistbeads","25.00","25.00","1","They're a keeper of personal affirmations and goals…they're a tool used to help some learn how to truly love their body at every stage…and they’re a secret piece of jewelry that help women feel feminine and sexy. Regardless of your reason for wearing beads, wear them respectfully and enjoy the process. NOTE: The pricing is for one (1) tie on waist bead. Each waist bead measures approximately 50 inches and requires that you adjust and tie it yourself. You got this! Colors: Sparkly Dark Cobalt Blu"
"The Chosen One","black-pearl","https://www.bodyfavorswaistbeads.com/products/black-pearl","","Black; Solid; Solids; Sparkle; Waistbeads","25.00","25.00","1","They're a keeper of personal affirmations and goals…they're a tool used to help some learn how to truly love their body at every stage…and they’re a secret piece of jewelry that help women feel feminine and sexy. Regardless of your reason for wearing beads, wear them respectfully and enjoy the process. NOTE: The pricing is for one (1) tie on waist bead. Each waist bead measures approximately 50 inches and requires that you adjust and tie it yourself. You got this! Colors: Sparkly Black. Material"
"Oscarville","agua","https://www.bodyfavorswaistbeads.com/products/agua","","Blue; Solid; Solids; Sparkle; Waistbeads","25.00","25.00","1","They're a keeper of personal affirmations and goals…they're a tool used to help some learn how to truly love their body at every stage…and they’re a secret piece of jewelry that help women feel feminine and sexy. Regardless of your reason for wearing beads, wear them respectfully and enjoy the process. NOTE: The pricing is for one (1) tie on waist bead. Each waist bead measures approximately 50 inches and requires that you adjust and tie it yourself. You got this! Colors: Light Blue. Materials: "
"Kaleidoscope","mood-chrome","https://www.bodyfavorswaistbeads.com/products/mood-chrome","","Multicolored; Sparkle; Waistbeads","25.00","25.00","1","They're a keeper of personal affirmations and goals…they're a tool used to help some learn how to truly love their body at every stage…and they’re a secret piece of jewelry that help women feel feminine and sexy. Regardless of your reason for wearing beads, wear them respectfully and enjoy the process. NOTE: The pricing is for one (1) tie on waist bead. Each waist bead measures approximately 50 inches and requires that you adjust and tie it yourself. You got this! Colors: Iridescent purple, gree"
"Peach Fuzz","amber-glow","https://www.bodyfavorswaistbeads.com/products/amber-glow","","Peach; Solid; Solids; Sparkle; Waistbeads","25.00","25.00","1","They're a keeper of personal affirmations and goals…they're a tool used to help some learn how to truly love their body at every stage…and they’re a secret piece of jewelry that help women feel feminine and sexy. Regardless of your reason for wearing beads, wear them respectfully and enjoy the process. NOTE: The pricing is for one (1) tie on waist bead. Each waist bead measures approximately 50 inches and requires that you adjust and tie it yourself. You got this! Colors: Sparkly Peach. Material"
"Show stopper","crystal-clear","https://www.bodyfavorswaistbeads.com/products/crystal-clear","","Clear; Solid; Solids; Sparkle; Waistbeads","25.00","25.00","1","They're a keeper of personal affirmations and goals…they're a tool used to help some learn how to truly love their body at every stage…and they’re a secret piece of jewelry that help women feel feminine and sexy. Regardless of your reason for wearing beads, wear them respectfully and enjoy the process. NOTE: The pricing is for one (1) tie on waist bead. Each waist bead measures approximately 50 inches and requires that you adjust and tie it yourself. You got this! Colors: Sparkly clear. Material"
"Honeymoon Phase","honeymoon-phase","https://www.bodyfavorswaistbeads.com/products/honeymoon-phase","","Pink; Solid; Sparkle; Waistbeads","25.00","25.00","1","They're a keeper of personal affirmations and goals…they're a tool used to help some learn how to truly love their body at every stage…and they’re a secret piece of jewelry that help women feel feminine and sexy. Regardless of your reason for wearing beads, wear them respectfully and enjoy the process. NOTE: The pricing is for one (1) tie on waist bead. Each waist bead measures approximately 50 inches and requires that you adjust and tie it yourself. You got this! Colors: Blush Pink. Materials: "
"Wheat Field","wheat-field","https://www.bodyfavorswaistbeads.com/products/wheat-field","","Gold; Solid; Traditional; Waistbeads","20.00","20.00","1","They're a keeper of personal affirmations and goals…they're a tool used to help some learn how to truly love their body at every stage…and they’re a secret piece of jewelry that help women feel feminine and sexy. Regardless of your reason for wearing beads, wear them respectfully and enjoy the process. NOTE: The pricing is for one (1) tie on waist bead. Each waist bead measures approximately 50 inches and requires that you adjust and tie it yourself. You got this! Colors: Gold Materials: Glass b"
"Weekend","weekend","https://www.bodyfavorswaistbeads.com/products/weekend","","Blue; Gold; Multicolored; Traditional; Waistbeads","25.00","25.00","1","They're a keeper of personal affirmations and goals…they're a tool used to help some learn how to truly love their body at every stage…and they’re a secret piece of jewelry that help women feel feminine and sexy. Regardless of your reason for wearing beads, wear them respectfully and enjoy the process. NOTE: The pricing is for one (1) tie on waist bead. Each waist bead measures approximately 50 inches and requires that you adjust and tie it yourself. You got this! Colors: Light Blue, Pink, and G"
"Ultimate Joy","ultimate-joy","https://www.bodyfavorswaistbeads.com/products/ultimate-joy","","Gold; Red; Traditional; Waistbeads","25.00","25.00","1","They're a keeper of personal affirmations and goals…they're a tool used to help some learn how to truly love their body at every stage…and they’re a secret piece of jewelry that help women feel feminine and sexy. Regardless of your reason for wearing beads, wear them respectfully and enjoy the process. NOTE: The pricing is for one (1) tie on waist bead. Each waist bead measures approximately 50 inches and requires that you adjust and tie it yourself. You got this! Colors: Red & Gold. Materials: "
"The First","the-first","https://www.bodyfavorswaistbeads.com/products/the-first","","Gold; Multicolored; Pink; Traditional; Waistbeads","25.00","25.00","1","They're a keeper of personal affirmations and goals…they're a tool used to help some learn how to truly love their body at every stage…and they’re a secret piece of jewelry that help women feel feminine and sexy. Regardless of your reason for wearing beads, wear them respectfully and enjoy the process. NOTE: The pricing is for one (1) tie on waist bead. Each waist bead measures approximately 50 inches and requires that you adjust and tie it yourself. You got this! Colors: Pink, Green, Gold, Pear"
"Sugar Water","sugar-water","https://www.bodyfavorswaistbeads.com/products/sugar-water","","Clear; Gold; Traditional; Waistbeads","25.00","25.00","1","They're a keeper of personal affirmations and goals…they're a tool used to help some learn how to truly love their body at every stage…and they’re a secret piece of jewelry that help women feel feminine and sexy. Regardless of your reason for wearing beads, wear them respectfully and enjoy the process. NOTE: The pricing is for one (1) tie on waist bead. Each waist bead measures approximately 50 inches and requires that you adjust and tie it yourself. You got this! Colors: Frost white & Gold. Mat"
"Secret Garden","secret-garden","https://www.bodyfavorswaistbeads.com/products/secret-garden","","Brown; Multicolored; Traditional; Waistbeads","25.00","25.00","1","They're a keeper of personal affirmations and goals…they're a tool used to help some learn how to truly love their body at every stage…and they’re a secret piece of jewelry that help women feel feminine and sexy. Regardless of your reason for wearing beads, wear them respectfully and enjoy the process. NOTE: The pricing is for one (1) tie on waist bead. Each waist bead measures approximately 50 inches and requires that you adjust and tie it yourself. You got this! Colors: Matte Brown, Matte gree"
"Salt & Pepper","salt-pepper","https://www.bodyfavorswaistbeads.com/products/salt-pepper","","Black; Traditional; Waistbeads; White","25.00","25.00","1","They're a keeper of personal affirmations and goals…they're a tool used to help some learn how to truly love their body at every stage…and they’re a secret piece of jewelry that help women feel feminine and sexy. Regardless of your reason for wearing beads, wear them respectfully and enjoy the process. NOTE: The pricing is for one (1) tie on waist bead. Each waist bead measures approximately 50 inches and requires that you adjust and tie it yourself. You got this! Colors: Black & White. Material"
"Relaxation","relaxation","https://www.bodyfavorswaistbeads.com/products/relaxation","","Multicolored; Traditional; Waistbeads","30.00","30.00","1","They're a keeper of personal affirmations and goals…they're a tool used to help some learn how to truly love their body at every stage…and they’re a secret piece of jewelry that help women feel feminine and sexy. Regardless of your reason for wearing beads, wear them respectfully and enjoy the process. NOTE: The pricing is for one (1) tie on waist bead. Each waist bead measures approximately 50 inches and requires that you adjust and tie it yourself. You got this! Colors: Dark green, mint green,"
"Recovery","recovery","https://www.bodyfavorswaistbeads.com/products/recovery","","Blue; Traditional; Waistbeads","25.00","25.00","1","They're a keeper of personal affirmations and goals…they're a tool used to help some learn how to truly love their body at every stage…and they’re a secret piece of jewelry that help women feel feminine and sexy. Regardless of your reason for wearing beads, wear them respectfully and enjoy the process. NOTE: The pricing is for one (1) tie on waist bead. Each waist bead measures approximately 50 inches and requires that you adjust and tie it yourself. You got this! Colors: Deep blue, clear, and r"
"Nutmeg","nutmeg","https://www.bodyfavorswaistbeads.com/products/nutmeg","","Brown; Multicolored; Traditional; Waistbeads","25.00","25.00","1","They're a keeper of personal affirmations and goals…they're a tool used to help some learn how to truly love their body at every stage…and they’re a secret piece of jewelry that help women feel feminine and sexy. Regardless of your reason for wearing beads, wear them respectfully and enjoy the process. NOTE: The pricing is for one (1) tie on waist bead. Each waist bead measures approximately 50 inches and requires that you adjust and tie it yourself. You got this! Colors: Brown, Black, Clear, an"
"Loyalty","loyalty","https://www.bodyfavorswaistbeads.com/products/loyalty","","Multicolored; Purple; Traditional; Waistbeads","25.00","25.00","1","They're a keeper of personal affirmations and goals…they're a tool used to help some learn how to truly love their body at every stage…and they’re a secret piece of jewelry that help women feel feminine and sexy. Regardless of your reason for wearing beads, wear them respectfully and enjoy the process. NOTE: The pricing is for one (1) tie on waist bead. Each waist bead measures approximately 50 inches and requires that you adjust and tie it yourself. You got this! Colors: Matte purple, turquoise"
"Limeade","limeade","https://www.bodyfavorswaistbeads.com/products/limeade","","Gold; Green; Traditional; Waistbeads","25.00","25.00","1","They're a keeper of personal affirmations and goals…they're a tool used to help some learn how to truly love their body at every stage…and they’re a secret piece of jewelry that help women feel feminine and sexy. Regardless of your reason for wearing beads, wear them respectfully and enjoy the process. NOTE: The pricing is for one (1) tie on waist bead. Each waist bead measures approximately 50 inches and requires that you adjust and tie it yourself. You got this! Colors: Gold and lIme green. Ma"
"Kickback","kickback","https://www.bodyfavorswaistbeads.com/products/kickback","","Multicolored; Traditional; Waistbeads","35.00","35.00","1",""
"Ruby","ruby","https://www.bodyfavorswaistbeads.com/products/ruby","","Red; Removable; Waistbeads","45.00","45.00","1","Red glazed removable waist bead with golden beads, yellow cat eye accents and sparkly crystals."
"Reflective","reflective","https://www.bodyfavorswaistbeads.com/products/reflective","","Pink; Removable; Waistbeads","45.00","45.00","1",""
"Power","power","https://www.bodyfavorswaistbeads.com/products/power","","Black; Removable; Waistbeads","45.00","45.00","1","Black cubed shaped crystal removable waist bead w/ flower shaped golden beads and golden glass circular beads."
"Off White","off-white","https://www.bodyfavorswaistbeads.com/products/off-white","","off white; Removable; Waistbeads","45.00","45.00","1","Milky cream colored removable waist bead w/ orange accents, iridescent hearts and orange beads."
"Ocean Waters","ocean-waters","https://www.bodyfavorswaistbeads.com/products/ocean-waters","","Blue; Removable; Waistbeads","45.00","45.00","1",""
"Neon Lights","neon-lights","https://www.bodyfavorswaistbeads.com/products/neon-lights","","Removable; Waistbeads; yellow","45.00","45.00","2","Highlighter yellow removable waist bead with purple diamond shaped bead with teal and cream butterfly accents."
"Mustard Greens","mustard-greens","https://www.bodyfavorswaistbeads.com/products/mustard-greens","","Green; Removable; Waistbeads","45.00","45.00","2",""
"Lucidness","lucidness","https://www.bodyfavorswaistbeads.com/products/lucidness","","Blue; Removable; Waistbeads","45.00","45.00","1",""
"Lemons & Champagne","lemons-champagne","https://www.bodyfavorswaistbeads.com/products/lemons-champagne","","Removable; Waistbeads","45.00","45.00","1","Champagne colored removable waist beads with golden crystals, lemon iridescent beads and champagne butterflies."
"Lady Like","lady-like","https://www.bodyfavorswaistbeads.com/products/lady-like","","Pink; Removable; Waistbeads","45.00","45.00","1",""
"Juneteenth","juneteenth","https://www.bodyfavorswaistbeads.com/products/juneteenth","","Blue; Removable; Waistbeads","45.00","45.00","1","Removable royal blue waistbeads with accents of cream and red beads."
"Juicy","juicy","https://www.bodyfavorswaistbeads.com/products/juicy","","Removable; Ruby; Waistbeads","45.00","45.00","1","Removable beads that are larger than “Ruby” with baby blue accents and butterfly shaped crystals"
"Jubilee","jubilee","https://www.bodyfavorswaistbeads.com/products/jubilee","","Blue; Removable; Waistbeads","45.00","45.00","1","Removable Waistbeads with pearl beads and accents of ocean blue almond shaped beads and mini chromatic beads."
"Iridescent Essence","iridescent-essence","https://www.bodyfavorswaistbeads.com/products/iridescent-essence","","Clear; Removable; Waistbeads","45.00","45.00","1",""
"Sunny Delight","sunny-delight","https://www.bodyfavorswaistbeads.com/products/sunny-delight","","Cream; Removable; Waistbeads","45.00","45.00","1",""
"Orange Delight","orange-flare","https://www.bodyfavorswaistbeads.com/products/orange-flare","","Orange; Removable; Waistbeads","45.00","45.00","2","Removable waist bead with blue iridescent crystals and pearls accents"
"Relaxation Gift Set","relaxation-gift-set","https://www.bodyfavorswaistbeads.com/products/relaxation-gift-set","","Self-Care","65.00","65.00","1","Bath sponge, small soap, and waist bead"
"SURPRISE ME ADD-ONs","option-set-128155-radio-1","https://www.bodyfavorswaistbeads.com/products/option-set-128155-radio-1","","globo-product-options; option-set-128155-radio-1","10.00","10.00","1","Allow us to surprise you with a special charm to jazz up any piece."
"Treasure Chest","brace-9","https://www.bodyfavorswaistbeads.com/products/brace-9","","Red; Wrap bracelet","15.00","15.00","1","NOTE: The pricing is for one (1) wrap bracelet. Colors: Red and multicolored accents Materials: Glass seed beads and wire"
"Sociable","brace-5","https://www.bodyfavorswaistbeads.com/products/brace-5","","Multicolored; Wrap bracelet","15.00","15.00","1","NOTE: The pricing is for one (1) wrap bracelet. Colors: Multicolored Materials: Glass seed beads and wire"
"Wood grain","bracelet","https://www.bodyfavorswaistbeads.com/products/bracelet","","Brown; Purple; Wrap bracelet","15.00","15.00","1","NOTE: The pricing is for one (1) wrap bracelet. Colors: Brown, purple, and gold Materials: plastic beads and wire"
"Ruby skies","brace-2","https://www.bodyfavorswaistbeads.com/products/brace-2","","Blue; Wrap bracelet","15.00","15.00","1","NOTE: The pricing is for one (1) wrap bracelet. Colors: Blue, gold, ruby red, and cream Materials: Glass bead & wire"
"Ladybug","tie-on-7","https://www.bodyfavorswaistbeads.com/products/tie-on-7","","Anklet; Blue; Multicolored; Red","6.00","6.00","1","COLORS: Black, white, and red NOTE: The pricing is for one (1) tie on anklet MATERIALS: Cotton string and glass seed beads"
"Turquoise and Honey","tie-on-5","https://www.bodyfavorswaistbeads.com/products/tie-on-5","","Anklet; Blue; Tie on","6.00","6.00","1","COLORS: Gold and Turquoise MATERIALS: Cotton string and glass seed beads NOTE: The pricing is for one (1) tie on anklet"
"Sugar Rush","tie-on-1","https://www.bodyfavorswaistbeads.com/products/tie-on-1","","Anklet; Multicolored; Tie on","6.00","6.00","1","COLORS: Green, gold, pink, orange, white, and red MATERIALS: Cotton string and glass seed beads NOTE: The pricing is for one (1) tie on anklet"
"Libby","tie-on","https://www.bodyfavorswaistbeads.com/products/tie-on","","Anklet; Multicolored; Tie on","6.00","6.00","1","COLORS: Gold, yellow, dark blue, baby blue, and clear MATERIALS: Cotton string and glass seed beads NOTE: The pricing is for one (1) tie on anklet"
"Purple One","tie-on-anklet","https://www.bodyfavorswaistbeads.com/products/tie-on-anklet","","Anklet; Multicolored; Purple; Tie on","6.00","6.00","1","COLORS: Purple, white, blue MATERIALS: Cotton string and glass seed beads NOTE: The pricing is for one (1) tie on anklet"
"Indigo Dreams","indigo-dreams","https://www.bodyfavorswaistbeads.com/products/indigo-dreams","","Clear; Glow in the dark; Multicolored","30.00","30.00","1","They're a keeper of personal affirmations and goals…they're a tool used to help some learn how to truly love their body at every stage…and they’re a secret piece of jewelry that help women feel feminine and sexy. Regardless of your reason for wearing beads, wear them respectfully and enjoy the process. NOTE: The pricing is for one (1) tie on waist bead. Each waist bead measures approximately 50 inches and requires that you adjust and tie it yourself. You got this! Colors: Clear, Gold, Blue Mater"
"Moonlight","moonlight","https://www.bodyfavorswaistbeads.com/products/moonlight","","Clear; Glow in the dark; Multicolored","35.00","35.00","1","They're a keeper of personal affirmations and goals…they're a tool used to help some learn how to truly love their body at every stage…and they’re a secret piece of jewelry that help women feel feminine and sexy. Regardless of your reason for wearing beads, wear them respectfully and enjoy the process. NOTE: The pricing is for one (1) tie on waist bead. Each waist bead measures approximately 50 inches and requires that you adjust and tie it yourself. You got this! Colors: Champagne, Gold, Fuchsi"
"Jewel","jewel","https://www.bodyfavorswaistbeads.com/products/jewel","","Clear; Glow in the dark; Multicolored","35.00","35.00","1","They're a keeper of personal affirmations and goals…they're a tool used to help some learn how to truly love their body at every stage…and they’re a secret piece of jewelry that help women feel feminine and sexy. Regardless of your reason for wearing beads, wear them respectfully and enjoy the process. NOTE: The pricing is for one (1) tie on waist bead. Each waist bead measures approximately 50 inches and requires that you adjust and tie it yourself. You got this! Colors: Green, Fuchsia, Clear, "
"Zephyr","zephyr","https://www.bodyfavorswaistbeads.com/products/zephyr","","Accessories; Fans; Wheat; Woven Fans","30.00","30.00","1","This beautiful woven fan was handmade in Ghana by skilled weavers. It can have several uses: Gives life to walls, bookshelves, and mantels or use it as a stylish hand fan to cool yourself off year-round. Materials: Elephant grass and dye. Note: The fan is hand-woven and hand-dyed so there may be slight imperfections. This adds to its charm! Care Instructions: Keep dyed fan out of direct sunlight for long periods of time to avoid fading. Do not submerge fan in water while cleaning . Please use a "
"Treasure chest","treasure-chest","https://www.bodyfavorswaistbeads.com/products/treasure-chest","","Brown; Traditional; Waistbeads","30.00","30.00","1","They're a keeper of personal affirmations and goals…they're a tool used to help some learn how to truly love their body at every stage…and they’re a secret piece of jewelry that help women feel feminine and sexy. Regardless of your reason for wearing beads, wear them respectfully and enjoy the process. NOTE: The pricing is for one (1) tie on waist bead. Each waist bead measures approximately 50 inches and requires that you adjust and tie it yourself. It does not include a clasp. You got this! Co"
"The promise","the-promise","https://www.bodyfavorswaistbeads.com/products/the-promise","","Multicolored; Traditional; Waistbeads","25.00","25.00","1","They're a keeper of personal affirmations and goals…they're a tool used to help some learn how to truly love their body at every stage…and they’re a secret piece of jewelry that help women feel feminine and sexy. Regardless of your reason for wearing beads, wear them respectfully and enjoy the process. NOTE: The pricing is for one (1) tie on waist bead. Each waist bead measures approximately 50 inches and requires that you adjust and tie it yourself. You got this! Colors: Red, Purple, Green, Ora"
"Strawberry peppermint","strawberry-peppermint","https://www.bodyfavorswaistbeads.com/products/strawberry-peppermint","","Pink; Red; Traditional; Waistbeads","25.00","25.00","1","They're a keeper of personal affirmations and goals…they're a tool used to help some learn how to truly love their body at every stage…and they’re a secret piece of jewelry that help women feel feminine and sexy. Regardless of your reason for wearing beads, wear them respectfully and enjoy the process. NOTE: The pricing is for one (1) tie on waist bead. Each waist bead measures approximately 50 inches and requires that you adjust and tie it yourself. You got this! Colors: Red and Pink. Materials"
"Prim & Proper","prim-proper","https://www.bodyfavorswaistbeads.com/products/prim-proper","","Accessories; Fabric Fan; Fans; Folding Fan; Pink","25.00","25.00","1","This beautiful cotton Ankara fan is handmade in Ghana by skilled designers. It makes the perfect gift and can be used to cool off at concerts, festivals, weddings, church, airports, beaches, in the office, while having hot flashes, and much more! Fan collapses easily to a compact size perfect for placing in your purse, carry on bag, car, or briefcase. Colors: Dark Pink, light pink, and black Identifier: Blotches of colors. Some shapes are outlined in black Materials: Fabric upper with leather ha"
"Tigress","tigress","https://www.bodyfavorswaistbeads.com/products/tigress","","Accessories; Brown; Fabric Fan; Fans; Folding Fan; Orange","25.00","25.00","1","This beautiful cotton Ankara fan is handmade in Ghana by skilled designers. It makes the perfect gift and can be used to cool off at concerts, festivals, weddings, church, airports, beaches, in the office, while having hot flashes, and much more! Fan collapses easily to a compact size perfect for placing in your purse, carry on bag, car, or briefcase. Colors: Orange, white and Dark Brown Identifier: Tiger stripes & small white bubbles Materials : Cotton Fabric and leather handle Care Instruction"
